{
  "model": "LightGBM",
  "best_fold": 2,
  "fold_mae": [
    6.404703601694849,
    6.308178281675354,
    6.333306754058466
  ],
  "cv_mae_mean": 6.348729545809557,
  "cv_mae_std": 0.04088749792837752,
  "n_features": 13
}