{
  "model": "LightGBM",
  "feature_set": "v3",
  "best_fold": 3,
  "fold_mae": [
    5.393176612956249,
    5.221240036414491,
    5.109309225977044
  ],
  "cv_mae_mean": 5.241241958449261,
  "cv_mae_std": 0.11674825055481332,
  "n_features": 18
}