{
  "model": "LightGBM",
  "feature_set": "v2",
  "best_fold": 2,
  "fold_mae": [
    6.399894375238398,
    6.309275095676217,
    6.329884126003212
  ],
  "cv_mae_mean": 6.346351198972609,
  "cv_mae_std": 0.038784333832333116,
  "n_features": 16
}